Airedale NHS Foundation Trust,http://www.airedale-trust.nhs.uk/
Alder Hey Children’s NHS Foundation Trust,https://alderhey.nhs.uk/
Ashford and St Peter’s Hospitals NHS Foundation Trust,http://www.ashfordstpeters.nhs.uk/
Avon and Wiltshire Mental Health Partnership NHS Trust,http://www.awp.nhs.uk/
"Barking, Havering and Redbridge University Hospitals NHS Trust",https://www.bhrhospitals.nhs.uk/
"Barnet, Enfield and Haringey Mental Health NHS Trust",http://www.beh-mht.nhs.uk/
Barnsley Hospital NHS Foundation Trust,http://www.barnsleyhospital.nhs.uk/
Barts Health NHS Trust,https://bartshealth.nhs.uk/
Bedfordshire Hospitals NHS Foundation Trust,http://www.ldh.nhs.uk/
Berkshire Healthcare NHS Foundation Trust,http://www.berkshirehealthcare.nhs.uk/
Birmingham and Solihull Mental Health NHS Foundation Trust,http://www.bsmhft.nhs.uk/
Birmingham Community Healthcare NHS Foundation Trust,http://www.bhamcommunity.nhs.uk/
Birmingham Women’s and Children’s NHS Foundation Trust,https://bwc.nhs.uk/
Black Country Healthcare NHS Foundation Trust,http://www.bcpft.nhs.uk/
Blackpool Teaching Hospitals NHS Foundation Trust,http://www.bfwhospitals.nhs.uk/
Bolton NHS Foundation Trust,http://www.boltonft.nhs.uk/
Bradford District Care NHS Foundation Trust,http://www.bdct.nhs.uk/
Bradford Teaching Hospitals NHS Foundation Trust,http://www.bradfordhospitals.nhs.uk/
Bridgewater Community Healthcare NHS Foundation Trust,http://www.bridgewater.nhs.uk/
Buckinghamshire Healthcare NHS Trust,https://www.buckshealthcare.nhs.uk/
Calderdale and Huddersfield NHS Foundation Trust,http://www.cht.nhs.uk/
Cambridge University Hospitals NHS Foundation Trust,https://www.cuh.nhs.uk/
Cambridgeshire and Peterborough NHS Foundation Trust,http://www.cpft.nhs.uk/
Cambridgeshire Community Services NHS Trust,http://www.cambscommunityservices.nhs.uk/
Camden and Islington NHS Foundation Trust,http://www.candi.nhs.uk/
Central and North West London NHS Foundation Trust,http://www.cnwl.nhs.uk/
Central London Community Healthcare NHS Trust,https://www.clch.nhs.uk/
Chelsea and Westminster Hospital NHS Foundation Trust,http://www.chelwest.nhs.uk/
Cheshire and Wirral Partnership NHS Foundation Trust,http://www.cwp.nhs.uk/
Chesterfield Royal Hospital NHS Foundation Trust,http://www.chesterfieldroyal.nhs.uk/
Cornwall Partnership NHS Foundation Trust,https://www.cornwallft.nhs.uk/
Countess of Chester Hospital NHS Foundation Trust,http://www.coch.nhs.uk/
County Durham and Darlington NHS Foundation Trust,https://www.cddft.nhs.uk/
Coventry and Warwickshire Partnership NHS Trust,https://www.covwarkpt.nhs.uk/
Croydon Health Services NHS Trust,https://www.croydonhealthservices.nhs.uk/
"Cumbria, Northumberland, Tyne and Wear NHS Foundation Trust",http://www.ntw.nhs.uk/
Dartford and Gravesham NHS Trust,https://www.dgt.nhs.uk/
Derbyshire Community Health Services NHS Foundation Trust,http://www.dchs.nhs.uk/
Derbyshire Healthcare NHS Foundation Trust,http://www.derbyshirehealthcareft.nhs.uk/
Devon Partnership NHS Trust,https://www.dpt.nhs.uk/
Doncaster and Bassetlaw Teaching Hospitals NHS Foundation Trust,http://www.dbth.nhs.uk/
Dorset County Hospital NHS Foundation Trust,http://www.dchft.nhs.uk/
Dorset Healthcare University NHS Foundation Trust,http://www.dorsethealthcare.nhs.uk/
East Cheshire NHS Trust,http://www.eastcheshire.nhs.uk/
East and North Hertfordshire NHS Trust,https://www.enherts-tr.nhs.uk/
East Kent Hospitals University NHS Foundation Trust,http://www.ekhuft.nhs.uk/
East Lancashire Hospitals NHS Trust,https://www.elht.nhs.uk/
East London NHS Foundation Trust,http://www.elft.nhs.uk/
East Midlands Ambulance Service NHS Trust,https://www.emas.nhs.uk/
East of England Ambulance Service NHS Trust,https://www.eastamb.nhs.uk/
East Suffolk and North Essex NHS Foundation Trust,https://www.esneft.nhs.uk/
East Sussex Healthcare NHS Trust,https://www.esht.nhs.uk/
Epsom and St Helier University Hospitals NHS Trust,https://www.epsom-sthelier.nhs.uk/
Essex Partnership University NHS Foundation Trust,http://www.eput.nhs.uk/
Frimley Health NHS Foundation Trust,https://www.fhft.nhs.uk/
Gateshead Health NHS Foundation Trust,https://www.qegateshead.nhs.uk/
George Eliot Hospital NHS Trust,http://www.geh.nhs.uk/
Gloucestershire Health and Care NHS Foundation Trust,https://www.ghc.nhs.uk/
Gloucestershire Hospitals NHS Foundation Trust,https://www.gloshospitals.nhs.uk/
Great Ormond Street Hospital For Children NHS Foundation Trust,https://www.gosh.nhs.uk/
Great Western Hospitals NHS Foundation Trust,http://www.gwh.nhs.uk/
Greater Manchester Mental Health NHS Foundation Trust,http://www.gmw.nhs.uk/
Guy’s and St Thomas’ NHS Foundation Trust,http://www.guysandstthomas.nhs.uk/
Hampshire Hospitals NHS Foundation Trust,http://www.hampshirehospitals.nhs.uk/
Harrogate and District NHS Foundation Trust,http://www.hdft.nhs.uk/
Herefordshire and Worcestershire Health and Care NHS Trust,http://www.hacw.nhs.uk/
Hertfordshire Community NHS Trust,https://www.hct.nhs.uk/
Hertfordshire Partnership University NHS Foundation Trust,http://www.hpft.nhs.uk/
Homerton Healthcare NHS Foundation Trust,http://www.homerton.nhs.uk/
Hounslow and Richmond Community Healthcare NHS Trust,http://www.hrch.nhs.uk/
Hull University Teaching Hospitals NHS Trust,https://www.hey.nhs.uk/
Humber Teaching NHS Foundation Trust,http://www.humber.nhs.uk/
Imperial College Healthcare NHS Trust,http://www.imperial.nhs.uk/
Isle of Wight NHS Trust,https://www.iow.nhs.uk/
James Paget University Hospitals NHS Foundation Trust,http://www.jpaget.nhs.uk/
Kent and Medway NHS and Social Care Partnership Trust,https://www.kmpt.nhs.uk/
Kent Community Health NHS Foundation Trust,http://www.kentcht.nhs.uk/home/
Kettering General Hospital NHS Foundation Trust,http://www.kgh.nhs.uk/
King’s College Hospital NHS Foundation Trust,http://www.kch.nhs.uk/
Kingston Hospital NHS Foundation Trust,http://www.kingstonhospital.nhs.uk/
Lancashire and South Cumbria NHS Foundation Trust,http://www.lancashirecare.nhs.uk/
Lancashire Teaching Hospitals NHS Foundation Trust,http://www.lancsteachinghospitals.nhs.uk/
Leeds Community Healthcare NHS Trust,https://www.leedscommunityhealthcare.nhs.uk/
Leeds Teaching Hospitals NHS Trust,http://www.leedsth.nhs.uk/
Leeds and York Partnership NHS Foundation Trust,https://www.leedsandyorkpft.nhs.uk/
Leicestershire Partnership NHS Trust,https://www.leicspart.nhs.uk/
Lewisham and Greenwich NHS Trust,https://www.lewishamandgreenwich.nhs.uk/
Lincolnshire Community Health Services NHS Trust,https://www.lincolnshirecommunityhealthservices.nhs.uk/
Lincolnshire Partnership NHS Foundation Trust,http://www.lpft.nhs.uk/
Liverpool Heart and Chest Hospital NHS Foundation Trust,http://www.lhch.nhs.uk/
Liverpool University Hospitals NHS Foundation Trust,http://www.aintreehospitals.nhs.uk/
Liverpool Women’s NHS Foundation Trust,http://www.liverpoolwomens.nhs.uk/
London Ambulance Service NHS Trust,http://www.londonambulance.nhs.uk/
London North West University Healthcare NHS Trust,http://www.lnwh.nhs.uk/
Maidstone and Tunbridge Wells NHS Trust,https://www.mtw.nhs.uk/
Manchester University NHS Foundation Trust,https://mft.nhs.uk/
Medway NHS Foundation Trust,http://www.medway.nhs.uk/
Mersey Care NHS Foundation Trust,http://www.merseycare.nhs.uk/
Mersey and West Lancashire Teaching Hospitals NHS Trust,https://www.merseywestlancs.nhs.uk/
Mid and South Essex NHS Foundation Trust,http://www.southend.nhs.uk/
Mid Cheshire Hospitals NHS Foundation Trust,http://www.mcht.nhs.uk/
Mid Yorkshire Hospitals NHS Trust,https://www.midyorks.nhs.uk/
Midlands Partnership University NHS Foundation Trust,http://www.mpft.nhs.uk/
Milton Keynes University Hospital NHS Foundation Trust,http://www.mkhospital.nhs.uk/
Moorfields Eye Hospital NHS Foundation Trust,http://www.moorfields.nhs.uk/
Norfolk Community Health and Care NHS Trust,http://www.norfolkcommunityhealthandcare.nhs.uk/
Norfolk and Norwich University Hospitals NHS Foundation Trust,http://www.nnuh.nhs.uk/
Norfolk and Suffolk NHS Foundation Trust,http://www.nsft.nhs.uk/
North Bristol NHS Trust,https://www.nbt.nhs.uk/
North Cumbria Integrated Care NHS Foundation Trust,http://www.cumbriapartnership.nhs.uk/
North East Ambulance Service NHS Foundation Trust,https://www.neas.nhs.uk/
North East London NHS Foundation Trust,http://www.nelft.nhs.uk/
Northern Care Alliance NHS Foundation Trust,http://www.srft.nhs.uk/
North Middlesex University Hospital NHS Trust,http://www.northmid.nhs.uk/
North Staffordshire Combined Healthcare NHS Trust,https://combined.nhs.uk/
North Tees and Hartlepool NHS Foundation Trust,http://www.nth.nhs.uk/
North West Ambulance Service NHS Trust,http://www.nwas.nhs.uk/
North West Anglia NHS Foundation Trust,http://www.peterboroughandstamford.nhs.uk/
North West Boroughs Healthcare NHS Foundation Trust,http://www.nwbh.nhs.uk/
Northampton General Hospital NHS Trust,https://www.northamptongeneral.nhs.uk/Home.aspx
Northamptonshire Healthcare NHS Foundation Trust,https://www.nhft.nhs.uk/
Northern Lincolnshire and Goole NHS Foundation Trust,http://www.nlg.nhs.uk/
Northumbria Healthcare NHS Foundation Trust,http://www.northumbria.nhs.uk/
Nottingham University Hospitals NHS Trust,https://www.nuh.nhs.uk/
Nottinghamshire Healthcare NHS Foundation Trust,http://www.nottinghamshirehealthcare.nhs.uk/
Oxford Health NHS Foundation Trust,http://www.oxfordhealth.nhs.uk/
Oxford University Hospitals NHS Foundation Trust,https://www.ouh.nhs.uk/
Oxleas NHS Foundation Trust,http://www.oxleas.nhs.uk/
Pennine Care NHS Foundation Trust,http://www.penninecare.nhs.uk/
Portsmouth Hospitals University NHS Trust,https://www.porthosp.nhs.uk/
Queen Victoria Hospital NHS Foundation Trust,http://www.qvh.nhs.uk/
Rotherham Doncaster and South Humber NHS Foundation Trust,http://www.rdash.nhs.uk/
Royal Berkshire NHS Foundation Trust,http://www.royalberkshire.nhs.uk/
Royal Brompton and Harefield NHS Foundation Trust,http://www.rbht.nhs.uk/
Royal Cornwall Hospitals NHS Trust,https://www.royalcornwall.nhs.uk/
Royal Devon University Healthcare NHS Foundation Trust,http://www.rdehospital.nhs.uk/
Royal Free London NHS Foundation Trust,http://www.royalfree.nhs.uk/
Royal National Orthopaedic Hospital NHS Trust,http://www.rnoh.nhs.uk/
Royal Papworth Hospital NHS Foundation Trust,https://royalpapworth.nhs.uk/
Royal Surrey NHS Foundation Trust,http://www.royalsurrey.nhs.uk/
Royal United Hospitals Bath NHS Foundation Trust,http://www.ruh.nhs.uk/
Salisbury NHS Foundation Trust,http://www.salisbury.nhs.uk/
Sandwell and West Birmingham Hospitals NHS Trust,https://www.swbh.nhs.uk/
Sheffield Children’s NHS Foundation Trust,http://www.sheffieldchildrens.nhs.uk/
Sheffield Health and Social Care NHS Foundation Trust,http://www.shsc.nhs.uk/
Sheffield Teaching Hospitals NHS Foundation Trust,http://www.sth.nhs.uk/
Sherwood Forest Hospitals NHS Foundation Trust,http://www.sfh-tr.nhs.uk/
Shrewsbury and Telford Hospital NHS Trust,https://www.sath.nhs.uk/
Shropshire Community Health NHS Trust,https://www.shropscommunityhealth.nhs.uk/
Solent NHS Trust,https://www.solent.nhs.uk/
Somerset NHS Foundation Trust (formerly Somerset Partnership NHS Foundation Trust),http://www.sompar.nhs.uk/
South Central Ambulance Service NHS Foundation Trust,https://www.scas.nhs.uk/
South East Coast Ambulance Service NHS Foundation Trust,http://www.secamb.nhs.uk/
South London and Maudsley NHS Foundation Trust,https://www.slam.nhs.uk/
South Tees Hospitals NHS Foundation Trust,http://www.southtees.nhs.uk/
South Tyneside and Sunderland NHS Foundation Trust,http://www.stsft.nhs.uk/
South Warwickshire NHS Foundation Trust,https://www.swft.nhs.uk/
South West London and St George’s Mental Health NHS Trust,http://www.swlstg.nhs.uk/
South West Yorkshire Partnership NHS Foundation Trust,http://www.southwestyorkshire.nhs.uk/
South Western Ambulance Service NHS Foundation Trust,http://www.swast.nhs.uk/
Southern Health NHS Foundation Trust,https://www.southernhealth.nhs.uk/
Southport and Ormskirk Hospital NHS Trust,https://www.southportandormskirk.nhs.uk/
St George’s University Hospitals NHS Foundation Trust,https://www.stgeorges.nhs.uk/
St Helens and Knowsley Teaching Hospitals NHS Trust,http://www.sthk.nhs.uk/
Stockport NHS Foundation Trust,http://www.stockport.nhs.uk/
Surrey and Borders Partnership NHS Foundation Trust,http://www.sabp.nhs.uk/
Surrey and Sussex Healthcare NHS Trust,https://www.surreyandsussex.nhs.uk/
Sussex Community NHS Foundation Trust,http://www.sussexcommunity.nhs.uk/
Sussex Partnership NHS Foundation Trust,http://www.sussexpartnership.nhs.uk/
Tameside and Glossop Integrated Care NHS Foundation Trust,http://www.tamesidehospital.nhs.uk/
Tavistock and Portman NHS Foundation Trust,http://www.tavistockandportman.nhs.uk/
"Tees, Esk and Wear Valleys NHS Foundation Trust",http://www.tewv.nhs.uk/
Torbay and South Devon NHS Foundation Trust,http://www.torbayandsouthdevon.nhs.uk/
The Christie NHS Foundation Trust,http://www.christie.nhs.uk/
The Clatterbridge Cancer Centre NHS Foundation Trust,http://www.clatterbridgecc.nhs.uk/
The Dudley Group NHS Foundation Trust,http://www.dgoh.nhs.uk/
The Hillingdon Hospitals NHS Foundation Trust,http://www.thh.nhs.uk/
The Newcastle Upon Tyne Hospitals NHS Foundation Trust,http://www.newcastle-hospitals.org.uk/
The Princess Alexandra Hospital NHS Trust,https://www.pah.nhs.uk/
"The Queen Elizabeth Hospital, King’s Lynn, NHS Foundation Trust",http://www.qehkl.nhs.uk/
The Robert Jones and Agnes Hunt Orthopaedic Hospital NHS Foundation Trust,http://www.rjah.nhs.uk/
The Rotherham NHS Foundation Trust,http://www.therotherhamft.nhs.uk/
The Royal Orthopaedic Hospital NHS Foundation Trust,http://www.roh.nhs.uk/
The Royal Marsden NHS Foundation Trust,http://www.royalmarsden.nhs.uk/
The Royal Wolverhampton NHS Trust,https://www.royalwolverhampton.nhs.uk/
The Walton Centre NHS Foundation Trust,http://www.thewaltoncentre.nhs.uk/
University College London Hospitals NHS Foundation Trust,http://www.uclh.nhs.uk/
United Lincolnshire Hospitals NHS Trust,https://www.ulh.nhs.uk/
University Hospital Southampton NHS Foundation Trust,http://www.uhs.nhs.uk/home.aspx
University Hospitals Birmingham NHS Foundation Trust,http://www.uhb.nhs.uk/
University Hospitals Bristol and Weston NHS Foundation Trust,http://www.uhbristol.nhs.uk/
University Hospitals Coventry and Warwickshire NHS Trust,https://www.uhcw.nhs.uk/
University Hospitals of Derby and Burton NHS Foundation Trust,https://www.uhdb.nhs.uk/
University Hospitals of Leicester NHS Trust,https://www.leicestershospitals.nhs.uk/
University Hospitals of Morecambe Bay NHS Foundation Trust,https://www.uhmb.nhs.uk/
University Hospitals of North Midlands NHS Trust,http://www.uhnm.nhs.uk/Pages/Home.aspx
University Hospitals Plymouth NHS Trust,https://www.plymouthhospitals.nhs.uk/
University Hospitals Sussex NHS Foundation Trust,http://www.westernsussexhospitals.nhs.uk/
Walsall Healthcare NHS Trust,https://www.walsallhealthcare.nhs.uk/
Warrington and Halton Teaching Hospitals NHS Foundation Trust,https://www.whh.nhs.uk/
West Hertfordshire Hospitals NHS Trust,http://www.westhertshospitals.nhs.uk/default.asp
West London NHS Trust,http://www.westlondon.nhs.uk/
West Midlands Ambulance Service NHS Foundation Trust,http://www.wmas.nhs.uk/
West Suffolk NHS Foundation Trust,http://www.wsh.nhs.uk/
Whittington Health NHS Trust,http://www.whittington.nhs.uk/
Wirral Community NHS Foundation Trust,http://www.wirralct.nhs.uk/
Wirral University Teaching Hospital NHS Foundation Trust,http://www.wuth.nhs.uk/
Worcestershire Acute Hospitals NHS Trust,https://www.worcsacute.nhs.uk/
"Wrightington, Wigan and Leigh NHS Foundation Trust",http://www.wiganleigh.nhs.uk/
Wye Valley NHS Trust,https://www.wyevalley.nhs.uk/
Yeovil District Hospital NHS Foundation Trust,https://yeovilhospital.co.uk/
York and Scarborough Teaching Hospitals NHS Foundation Trust,http://www.yorkhospitals.nhs.uk/
Yorkshire Ambulance Service NHS Trust,https://www.yas.nhs.uk/
University Hospitals Dorset NHS Foundation Trust,https://www.uhd.nhs.uk/
